Gene	Cluster	0.0	1.0	3.0	7.0	14.0	28.0	41.0
CPXM1	1	-6.055761952500853e-16	4.468551754863813	4.5637542172810415	3.4417153004502334	2.1850804831776944	1.7585102280727007	2.0235632514259083
PSTPIP1	1	-2.0185873175002846e-16	2.4234586329931065	2.798532568494073	2.0793379046516685	1.902053752051504	0.9017359934331495	1.4640120914194115
RAB44	1	-4.037174635000569e-16	1.9632872219981425	1.8340138457697233	1.8081479300923957	1.4659381099127258	-0.7385024819702328	0.935740147204812
THBS1	1	1.6148698540002277e-16	6.75918407724745	5.758785900506616	4.862300771908637	4.2292228627998245	2.1676782261570295	2.5497518146755684
ARG1	1	1.7763568394002505e-15	5.443730619796969	5.62789438318396	4.744025031619835	3.6600035481002635	0.10141225739006714	2.3657430725397504
ADAM8	1	-3.2297397080004555e-16	3.9336083020652564	3.9764218858367784	3.23617890246606	2.1333593025536968	0.6074466563186841	0.03129070808112515
TNC	1	-8.074349270001139e-17	4.057891267496125	4.619784625054828	4.331284541008183	4.045656373747	1.8396014460791221	2.073993876889981
LILRA6	1	-8.881784197001252e-16	2.828792306190069	2.004328764968188	0.6800813339328381	-0.3383421274866894	0.08044572171892109	-0.3175642071972199
MMP19	1	7.266914343001025e-16	2.4972234458289133	2.1745818649014703	1.4241020799517885	0.8393962605739215	0.8523758522976873	0.7418196303657063
CLEC5A	1	0.0	3.5070412293137636	3.437212145244521	2.611337001577777	1.4573811454516352	0.22014161534997126	-0.36380287865279987
LILRB4A	1	1.5341263613002163e-15	4.226126350135776	4.146209975016963	3.4509383486329708	2.295879138929841	1.0039456297567004	0.2888817408913578
C5AR1	1	8.074349270001138e-16	3.9828386000995497	3.967890630785693	3.065284500750185	1.6649938050734112	1.3582673091034771	1.0282013813550173
ANKRD33B	1	-8.074349270001139e-17	3.7873600927248425	3.608480431523979	3.375198055822567	2.6103500888088194	1.4208964248632026	1.199492867712906
CCR5	1	-3.2297397080004555e-16	3.3258916782441403	3.391662220977827	2.0903311970886524	1.1102475517644257	1.053387747220714	-0.07682967148944445
BST1	1	-2.4223047810003414e-16	3.2965840417950516	3.0870270786927776	1.913404147691235	0.5911323425175365	0.03873275652749495	-0.17319366657215357
SERPINA3N	1	1.7763568394002505e-15	3.0938996183104615	1.952109910684441	0.530952455762143	-0.884178670327373	-0.8554779842848085	-0.9240565543787432
MSR1	1	-1.6148698540002277e-16	3.972991394337251	3.6763244294708155	2.7905665856198425	1.5278007142364631	1.007187462209259	0.5411490052762876
SLC16A3	1	8.074349270001138e-16	2.8403394178102537	2.8897076684512832	1.8921402660166813	1.0060413368216443	0.6194283514379751	0.4048070770182731
1700017B05RIK	1	-4.844609562000683e-16	1.8054833888809627	2.4646900177814923	1.8755559051413981	1.2783156012067927	-0.1774412871337117	0.07972477106125565
ITGAM	1	9.689219124001365e-16	3.5184335096782156	3.2864318572645472	2.1017127032636385	0.8760728547617288	0.6662800033413147	0.11493913012281597
SH2B2	1	-4.844609562000683e-16	2.5111130377911293	2.643845870042568	2.155355776974284	1.5935967955167762	0.29985415298859575	0.9480057739659784
TEDDM3	1	6.459479416000911e-16	0.9553527673643066	1.4946466509351488	1.1636049063155582	0.13344313204722658	-0.673294768041645	-0.6846899132050517
HP	1	3.2297397080004555e-16	2.37620445890925	1.5761595214198618	0.03463990037690918	-0.49999551385808094	-1.0738105504112903	-0.5930376972850528
IFI202B	1	-9.689219124001365e-16	2.7650516300758103	2.443663167117926	1.5133863191639518	1.0059163421403776	0.16545486808620485	-0.32087283670751804
SNAI1	1	-5.652044489000797e-16	1.6136920748245878	1.8416737713060638	1.8819433799510976	0.973863236573197	-0.057247238347002405	-0.07345995209472483
IL33	1	8.074349270001138e-16	3.240370222372155	3.63190294927275	2.054166405574602	0.9786354063577338	1.1029922577355922	0.5909586154494136
LTB4R1	1	-1.6148698540002277e-16	2.6354573462934123	1.7698278395069014	0.7366626508434441	0.09486714260695167	-0.2518177153964631	-0.10920295023867753
RAMP3	1	1.5341263613002163e-15	0.6794332152921694	0.3410069068094592	-0.17915945497895194	-0.37220142881792384	-0.44026591477539967	-1.3970440187289135
TMEM8	1	1.6148698540002277e-16	3.0287066811902883	3.6215764105195016	1.905060258337774	0.858324635315444	0.973369508566692	0.8264192525674939
MS4A6D	1	2.4223047810003414e-16	3.2402402938966106	3.5513707201449027	2.1222097236616424	0.8397611967037805	0.5231450159749823	0.18642809930218218
IFITM6	1	4.037174635000569e-16	2.582877937137572	2.142406805900608	0.0772521554667399	0.2241690058588394	0.6354425004515851	0.6838078506294905
IGF2BP2	1	1.6148698540002277e-16	2.5274707285924003	2.6639402967946046	2.540748941903564	1.7752715224846347	0.5165876466281086	0.5051651494944592
CD209G	1	5.652044489000797e-16	-0.37071005156571185	0.3337414267568975	-0.48144958845504404	-1.222864545651971	-1.0997259782178095	-1.2482184244232748
SNTB2	1	-2.099330810200296e-15	3.140407907583892	3.1572111395092115	2.96602459619281	2.498980940806654	2.3577909370852206	2.905205554864626
PF4	1	-1.937843824800273e-15	3.5951560770335447	3.6304134007992652	2.0593500956672584	0.6306669698441122	0.6410955286289715	0.38862774254816673
SECTM1A	1	8.074349270001138e-16	1.798099456920385	0.5780312989261839	-0.8223090263809912	-0.7711847607440291	-0.28021062057593216	-0.7188802292975957
PIRB	1	-8.074349270001139e-17	2.865498431786818	2.9343417735819877	1.8742753896916737	0.7574712556404226	1.0795733609679217	0.667192546194295
SOCS3	1	4.844609562000683e-16	3.3104973419607315	2.6157352047984883	1.988740827069816	1.1561455193653862	0.34364759415842644	0.16208782312705353
SNORA30	1	8.074349270001139e-17	2.804223567072215	2.3695501041250218	1.8658954479752303	1.6871725223094927	0.8167344560740345	1.747816491285257
AMDHD2	1	4.844609562000683e-16	1.2740123511156929	1.8571376173299952	1.2380304789829504	0.5054726499749865	0.10547909743544004	0.07622370000503546
LRG1	1	0.0	2.3271736276187416	1.4816609204493758	0.337146881361452	0.05321276629459733	-0.6075307877483874	-0.15582232878407723
BASP1	1	-1.6148698540002277e-16	2.770664516137709	2.826707634821352	2.4248883187284167	1.8300130559408962	0.5666938874650634	1.2073859750497344
SFXN5	1	-6.459479416000911e-16	0.6370427561495945	0.5991564913166324	-0.10355257272557675	-0.4485845135270727	-0.7155150800675882	-0.6128056303325435
CSF2RB2	1	-6.459479416000911e-16	2.032499502967187	2.6316918426428066	2.0362863194819543	1.4233582900144164	0.7794410723045491	0.5379837621200044
FCGR2B	1	4.037174635000569e-16	2.842998999750472	2.9887509691120413	1.7462380560516586	0.649448652157124	0.9681824264553314	0.5230598877597609
TIPARP	1	-8.881784197001252e-16	2.729461274081224	2.7982540332532815	2.3943560819355656	1.6998256918448789	1.19541444980316	1.5323601387383645
CD93	1	1.1304088978001594e-15	2.9345914470171013	3.755990890030508	3.1681063610320326	2.521303951757187	2.166977454034387	1.3728171632374568
LRRC4	1	-8.074349270001139e-17	1.3920712183029365	1.828762339215344	1.1130130042161617	1.057826564548337	0.15631580006469997	1.1441471630597475
ZBP1	1	2.4223047810003414e-16	1.7868418546592493	1.445162872586651	0.4880819656682988	-0.6947002988203405	-0.42520088062104655	-0.43198397089045854
TNFRSF23	1	2.4223047810003414e-16	2.2738670389166686	3.020454277915141	2.7015986270339942	1.9947295589020035	0.9127164900974265	0.4914060302025253
CD200R1	1	-2.4223047810003414e-16	2.5457584098202815	2.289019097691591	1.6161500211202728	0.5171073788766424	0.9058416561049295	0.4246995873265519
WFDC17	1	9.689219124001365e-16	2.39228609649035	2.9338255904960584	1.203772204995012	0.02016233070694766	0.1525025990014674	0.14325428727681971
PARP14	1	9.689219124001365e-16	2.261892300141361	2.4788879301352025	1.74975327670629	0.7804862462118937	1.402553121449388	1.1243127021593815
TGFBI	1	-8.074349270001138e-16	1.8863675812550078	1.7183141512043587	0.8309795175232627	0.41586533947835796	0.3642433223751221	0.17479989691809436
CD209F	1	6.459479416000911e-16	-0.09163890549129228	0.34078286761038745	-0.27096596950105273	-1.3878886306317628	-1.3138849120297775	-1.3693687724509997
C3AR1	1	-8.074349270001138e-16	2.5670598634131134	3.4642337201673854	2.3082017064693883	1.1201770894487657	1.0917738767201415	0.5321547938262682
ZFP608	1	-3.2297397080004555e-16	2.4199234464607966	2.6589313653483635	2.50515116691821	2.081922472516635	1.2758167862522591	1.8338653951383572
IRAK2	1	-4.844609562000683e-16	1.1799233492013563	1.0893309350183313	0.7253557019955368	0.41593234590502404	-0.6542762870504131	-0.267985101961239
SLC39A14	1	-8.074349270001139e-17	2.9331050984456315	2.3005565624852706	2.041002063813594	1.621352142210106	-0.03739228501106888	1.4674425798999742
CHST11	1	-1.6148698540002277e-16	2.3339773627353533	2.581371172401813	2.5984973965887277	1.839156765683615	0.8324370868719821	1.2137903778049313
GLIS3	1	-3.2297397080004555e-16	2.196247414571261	2.478265953960932	1.7940240604290034	1.00286480834345	0.6543911757570574	0.46984326510160024
CACNA1D	1	-3.2297397080004555e-16	2.6119895355481524	2.8841177220390612	1.6846033202060042	0.3718933935461191	0.431941050727999	0.3670383609237778
CD300LB	1	1.2111523905001707e-15	2.793668524037615	3.385935992926383	2.6343605366364558	1.6537805755699606	1.7121575388601422	1.1486689900362703
JUNB	1	-2.5837917664003644e-15	2.086601815533127	1.7905436850138852	1.5504216425023918	1.6598138533921707	0.14536200063945087	1.4766299770381843
PVR	1	4.037174635000569e-16	2.1828845406286166	2.3283191859271066	1.8895874011048521	1.156420024197789	0.6139417978677287	0.7434258191783624
BEND4	1	-9.285501660501309e-16	2.4317632121562784	2.7012577642603195	2.0386665222783376	0.807291336682453	0.8691051760554849	0.8799417944054366
CSF2RB	1	-5.652044489000797e-16	2.281654214920767	2.7452802756965258	2.048898911567038	1.0592710688023586	0.6693566386536762	0.3140331738188364
IKBKE	1	4.844609562000683e-16	1.1635728850771239	1.4038686523059436	0.4970764470854411	-0.22693175396896884	-0.13464934629412584	-0.5387141132179157
G0S2	1	4.844609562000683e-16	1.9649073162651198	1.3629303594020665	0.9870660990028061	0.18928092896233925	-0.33846902981180876	-0.3112204005524444
CD163	1	3.2297397080004555e-16	1.7023137635171466	1.9984002631245632	0.45544618559040084	-0.5855373282407208	-0.010220402844621645	-0.41605152472286117
IFI27L2A	1	4.844609562000683e-16	0.5943340066781674	0.3473493645552554	-0.6045065951130805	-1.6499340861779566	-1.1959771566261488	-1.306161658568084
TREX1	1	6.459479416000911e-16	1.4428887282572311	1.3441675346834392	0.5212398414366847	0.33729075839686223	-0.15838934196065174	-0.3194382530419206
KNTC1	1	8.074349270001139e-17	1.1828918403797373	1.413542401027332	1.1802088682545064	0.5098514364331113	-1.345339913674776	0.19089130989284772
TBKBP1	1	-4.0371746350005693e-17	1.4031139757509254	1.65391296193724	1.0906207810091217	0.4231551416823349	0.6174590954937641	0.6167249417640618
MNDA	1	-1.6148698540002277e-16	2.4051019533539306	2.1171774276979787	1.3190782438519422	0.4539573463604553	0.5543472419111424	0.5020033050443373
HLX	1	5.652044489000797e-16	1.4769754133009625	1.7241976271861983	1.2277933312122746	0.4834101529129482	0.7241583149769502	0.27553741024456985
IFI204	1	-2.2608177956003187e-15	2.576282079129174	2.1852596948611507	1.2037056228191882	0.15712997630394684	0.5652823178701964	0.3341530875779481
CSRNP1	1	-1.2111523905001707e-15	1.9043875689050676	1.766237233911589	1.7234180237416807	1.6029827767696865	-0.3956212787312213	0.2765544460822845
APLN	1	4.0371746350005693e-17	3.4127396518474207	4.245006626598523	3.4948795154979435	2.6458201831279076	1.4607648071460486	1.0765801457806694
CCR2	1	-1.937843824800273e-15	2.3337718970077304	2.223829679668952	0.9273055156981244	0.2150438019881258	0.8444716436832891	0.16366557523578526
ENTPD1	1	3.2297397080004555e-16	2.0575473206319894	2.2480473590972587	1.734628821586478	1.112770834241102	0.5654214964478359	0.01395281384593463
UBE2Q2	1	-4.844609562000683e-16	2.404348739850968	2.165734949554808	2.0050860042298173	1.3513650085759636	1.5316435537876512	2.039545796444193
VCAN	1	-9.689219124001365e-16	2.211154116301806	1.914785768830602	1.6889672604540307	1.1757498235277222	0.8430746208633059	0.5844514403500786
GLA	1	-6.459479416000911e-16	2.440774644293208	3.0892107746068724	2.543180582654031	2.2463005569571735	0.5976541653632961	1.8259014763518615
PDPN	1	1.6148698540002277e-16	2.683840258060064	2.4527023834900334	1.6169116557346792	1.2246943337388871	0.5184594792563504	0.5662476100725257
IL4RA	1	-4.844609562000683e-16	2.6535239607712264	2.5743308346904086	1.6269478601232683	1.0088830602757737	0.4292315692614507	0.6899211202950433
CTSS	1	8.074349270001138e-16	1.8279001667360941	3.1309717841956015	1.9649948146742935	1.0428017184305032	1.222323268603331	0.6928192620765175
MS4A6C	1	-2.4223047810003414e-15	2.672080649850168	2.892224433318502	1.6883880368123014	0.5467285892637782	0.6587683758059015	0.17727248010181074
HILPDA	1	-8.074349270001138e-16	1.423816582829877	1.9995404242242785	1.2575211261865256	0.5470292582602183	-1.2049131467252512	-0.4108195901018002
IL1RN	1	-3.2297397080004555e-16	2.1625641343691897	1.8243892762429084	1.6785732726366915	1.2596319994344187	-0.6964034307284643	0.06508971235391185
IQGAP2	1	-2.4223047810003414e-16	1.929171848570865	2.646296951684501	1.510278004786526	0.6392836206417584	1.27741105911537	0.7049530501477882
GDA	1	-6.459479416000911e-16	2.678955541970455	2.660710955827661	1.4889753401770731	0.5045568729327357	0.6287951305498323	0.5677587851355758
FXYD5	1	1.1304088978001594e-15	2.1535009971281256	2.6180015155729186	1.90536036600824	1.1407035053213592	0.5392963651467957	0.16631949087522474
PDE1A	1	0.0	1.7627348205098397	1.9005849945804298	1.1900735067988601	0.3736545657910009	0.5850979780691333	0.23233100205954538
ARID5A	1	8.074349270001139e-17	2.1891816673038913	1.6015312176417265	1.625375607116955	1.0161361382124288	0.46651301905662523	0.6077274607088191
TLR4	1	5.652044489000797e-16	2.24193801177386	2.183150117887361	1.3756788037772332	0.4768673994488008	0.840759662777409	0.5907376470823533
GADD45B	1	-4.844609562000683e-16	2.1593720058506807	2.4030334856494076	2.0537129757457295	1.5019091114665655	0.26785820565557106	0.9219771062876152
CPNE2	1	0.0	1.4110867550518043	1.4998152605897808	1.2500302286239435	0.7483904905744064	0.4851428437887508	-0.03944513147850797
SMIM3	1	-9.689219124001365e-16	2.2066090404378595	2.1743033990429343	1.9110974893130555	1.168541326775254	-0.27102814707175227	0.07620632432923684
FCER1G	1	1.453382868600205e-15	2.167152952308541	2.499581347925725	1.5994880990670046	0.5388066956072515	0.3947284957680992	-0.028964040726360194
ETV1	1	-9.689219124001365e-16	1.1723639790959048	1.1579306224494426	0.674832425586345	-0.02201448290586069	0.4802711798085803	0.10545129685912467
PRDX6B	1	1.2111523905001707e-16	2.1344643495185345	1.9083087106263756	1.710193358992342	0.9134302361462804	0.7079241445190843	1.0067172173774352
AQP3	1	-8.074349270001138e-16	1.7416941834105202	1.1289455742758256	0.6729957737678913	0.7551993450139244	-0.316153871277292	0.14005638392591618
FAS	1	7.266914343001025e-16	1.7684096082695644	1.4022201993393775	0.5749863592766026	-0.042388552005035246	-0.12027024021389368	-0.2921063917839262
LGMN	1	1.6148698540002277e-16	2.4600979159164993	2.885993721923454	1.7550510357305642	1.1172147581805822	0.5532745420115974	0.43890746646280393
ALOX5AP	1	-9.689219124001365e-16	1.7772604580577962	2.253464604859207	0.966333725338634	0.020456345866039657	0.020053364015519114	-0.27764414929243403
IL1R1	1	8.074349270001139e-17	2.994296442146146	2.682208025824187	2.1542249618955025	1.591828634636932	0.9307051702489053	1.6900798473123024
MYO1F	1	2.4223047810003414e-16	1.579415119458354	2.4472154142735016	1.553530162564625	0.6914066649874852	0.9731090153607453	0.5160142161852277
CD68	1	-7.266914343001025e-16	1.7855987684092012	2.5035926257841825	1.573907804290984	0.5029526665575523	0.42339510078678455	0.10372276577107611
AI607873	1	9.689219124001365e-16	2.403686080301036	2.2725745659102774	1.3973417325946647	0.1372976915751371	0.7551689187528712	0.6075985707284274
DOK2	1	1.6148698540002276e-15	1.4874458528256873	0.8610503395626848	0.03526421285659318	-0.7168932256891299	0.1220158325521938	-0.3232863398084355
CD209D	1	4.844609562000683e-16	-0.06902734110785665	0.10409119339296129	-0.9591653094023957	-1.456798012019057	-1.37931113622624	-1.2247460553586316
DAB2	1	-1.6148698540002277e-16	2.842699922355974	2.5296798584855673	1.4438535089567337	0.5186241506400232	0.8415717943014762	0.4990538016675123
SERPINB2	1	-8.074349270001138e-16	1.8613519167393633	1.461489442286437	0.22033542999338965	-0.07715450274893888	-0.6816987814631352	-0.5090940207332817
NMI	1	-4.037174635000569e-16	1.142186755109235	1.3190255411028897	0.6034431201050003	0.1316611538992536	0.612246556925052	0.16449923341204356
CSF1	1	-8.074349270001138e-16	2.221359533890871	1.9248969330399124	1.3614263373120634	0.7652377087308231	0.5606316558359143	0.3279105066870846
TNFRSF1B	1	4.844609562000683e-16	2.2115323229070447	3.0045496186201124	2.3086445423472917	1.536201119903052	1.214497776267108	0.7172446497445697
PTGES	1	-4.037174635000569e-16	1.4384316109623112	1.303971649088321	0.6360604679001124	-0.009148880861832964	-0.24941602934060567	-0.3452915864260353
BCL2L11	1	-2.4223047810003414e-16	2.562472060310045	2.8637688381246513	2.4091133863075767	1.9996739729901514	1.3342064510822504	1.4860885689834147
POR	1	-8.074349270001138e-16	2.4539978963805513	2.1058358403110606	1.5320475144591053	0.9623584205278153	0.6955261111847573	1.1168951715440811
UBASH3B	1	-8.074349270001139e-17	1.546662080732708	1.6532533746404345	1.1952548483999588	1.0617523888497638	0.4195385846417782	0.41962874256567895
B4GALT5	1	-6.459479416000911e-16	2.521293470034267	2.634192494474144	2.014070495440774	1.1549900091032186	0.9561080671409237	0.7761613058850663
HIF1A	1	-6.459479416000911e-16	1.9126657263838645	2.02250224711732	1.5600266845950495	1.4624836620299222	0.2675098925823168	1.0783168319130365
NCF2	1	-1.3726393759001935e-15	1.8328383989483505	2.221047822320864	1.4338841004036527	0.36375326283608245	0.25630305274714277	0.0033309768605989313
CYSLTR1	1	6.459479416000911e-16	1.7664280266259293	2.0514203292118527	0.6769393989182929	0.05820802353082617	0.5879613063352741	0.2646081820807434
DDAH1	1	1.6148698540002277e-16	2.2146985668599783	2.442002970835137	2.3876735364952384	2.0424048917698703	1.1861513091930806	0.8625925838801536
PPP1R3D	1	-1.6148698540002277e-16	1.2447749614435148	1.2158522440738968	1.0284073710011048	0.6635531493182355	0.0867058476864763	0.12360779851461948
LGALS9	1	-1.5341263613002163e-15	1.7469903781201872	1.704254204984531	1.0778945793773569	0.4101332691091024	0.36310210633943923	0.2654797226703845
NNMT	1	-2.4223047810003414e-15	0.3111919951806435	0.31540532394063403	-0.1485410027871284	-0.7557677274747637	-0.7003694554057129	-0.9289308642914058
CCL8	1	-1.453382868600205e-15	1.1148244164743326	2.063565040810577	1.148064291891874	-0.016418627084327397	0.03179022591143443	0.30295468091574035
ZEB2OS	1	-1.5341263613002163e-15	0.8883136912466315	1.2762000589284013	0.7488130761531715	-0.2086805724860591	0.2547933055294146	-0.05243868804984186
HACD4	1	-2.4223047810003414e-16	1.6900023429596098	2.2945262303664076	1.2602031639655402	0.690691751886711	1.011028891659516	0.48044657915934097
NCEH1	1	1.2918958832001822e-15	2.2383256894060892	2.8541340175604404	2.177952212085896	1.1923052761482489	1.4446900879238695	1.3838289222336657
SLC10A6	1	1.453382868600205e-15	1.1676353389777494	0.8753141527395071	0.36536656248928256	0.2947351207935742	-0.45638144595402663	0.4999915986011921
DRAM1	1	4.037174635000569e-16	1.6844663575615038	1.6595704919127694	1.0892307886440933	0.22545091217069893	0.17612056663589346	-0.19851206987625752
SEPN1	1	-7.266914343001025e-16	1.7847829199082528	2.0222009649512818	1.681012719952514	1.3332369648685372	0.7586799021414367	0.6752649379587955
NPC2	1	1.6148698540002277e-16	0.8412641398515693	1.4332947699064864	0.5982674961222988	0.3275457786731471	0.14900408328158968	0.15283635584410746
TYROBP	1	-1.6148698540002277e-16	1.7745076816562169	2.344403221391118	1.560731296442718	0.42081498386285965	0.33465028949808373	-0.04655226335535836
LNPEP	1	-4.037174635000569e-16	2.224739621291778	2.003924652898645	1.4915972933412724	0.909078302941543	0.9498887162103816	1.3159923355184164
SBNO2	1	-1.937843824800273e-15	2.1076564814846463	1.7823355415551232	1.060566301407579	0.801178530288179	0.21153665325721693	0.48515320221644304
IFI205	1	8.074349270001138e-16	1.78137351683831	1.2911213000003123	0.741994474359794	0.08104132882590727	0.5723723214689962	0.4730652311367699
MRC1	1	-3.2297397080004555e-16	2.3208091146231458	2.2451772689722618	1.032113943994581	0.3352361190210591	0.731931341173056	0.4121529327283163
GLIPR2	1	-2.4223047810003414e-16	1.8821169514148781	1.8270819104984037	1.4371372284108628	0.7215184931481269	0.2997105602660362	0.0006253318843951951
AKR1B8	1	8.881784197001252e-16	2.534590360020992	2.881296360914081	2.310974832454399	1.7025824256511337	1.1070707286244466	0.6997605575348357
IL15RA	1	-1.6148698540002276e-15	0.13477868879346508	0.5411835110104297	0.05924264665778316	-0.47401908779431506	-0.4332347837692188	-0.6489340404518744
CDK20	1	-8.881784197001252e-16	1.4858157909363519	1.8735618384376778	1.4980138547230104	0.911651136144297	0.4412625813738663	0.7308555584276436
MCTP2	1	5.652044489000797e-16	1.2807731344460365	1.1555166373053636	0.594446673625655	0.12676673970477859	-0.5058877313003828	0.02054481027120306
HBEGF	1	-1.2111523905001707e-15	2.4127043888871533	2.4874223750447495	1.9893686393866374	1.6654308314535202	0.8018361576038693	1.3157788138066215
1110007C09RIK	1	5.652044489000797e-16	1.5711129516703206	1.767539219292572	1.0966344280287166	0.4090882217056251	0.4627337625445945	0.035851888156005304
FIGF	1	-8.074349270001138e-16	1.4246209599169763	1.4716080727535068	1.0351221828763375	0.04534961494240603	0.07651094161695102	-0.15105152682615006
ENO1B	1	-6.459479416000911e-16	1.4997944468130766	1.8280642560259075	1.2688368938668104	0.7290333748709074	-0.17212250750380037	0.45200107420284047
ZEB2	1	-1.7763568394002505e-15	2.284527299781431	2.5513828605540034	1.7969859149323697	1.0126746300627212	1.6003679680128826	1.033948792830678
EFHD2	1	-1.6148698540002277e-16	2.498257316583194	2.5315116648093476	1.749070973322278	1.1738061396430488	0.6646049119235891	0.7345539065324861
CYP26B1	1	1.2918958832001822e-15	1.0654803365248389	0.9478350847146824	-0.1290799657813095	-0.5077094385922544	-0.30624242394276013	-0.5685314402277196
DUSP1	1	-3.2297397080004555e-16	1.5441994409860176	1.5450527028905754	1.1801423293578077	0.43030985544661104	0.26966016552795063	0.00046628722416693205
PARP9	1	1.6148698540002277e-16	1.6609403652828292	1.6913986398470566	1.2661662425655573	0.49199385902402776	0.6325720834137144	0.5684720191231034
B430212C06RIK	2	2.4223047810003414e-16	0.21085799465495336	1.3665759838870126	1.1046552545899306	0.8430714415072674	-0.31387474302989765	0.3808950485494726
GPX7	2	-4.844609562000683e-16	-0.45842387262586465	0.8482490025218162	0.716953511724669	0.24372555757008102	0.08016242858141168	-0.7343839195781908
FKBP11	2	-2.8260222445003984e-16	0.6764801865146804	1.799007957496766	1.6023189281037709	1.2091721857358892	0.1851117063596764	0.6025903088178497
PDGFC	2	1.6148698540002277e-16	1.2336053258781872	1.961439557485183	1.4931034189410923	0.7897479677665419	0.7095927711223572	0.41409459435028906
NES	2	-1.170780644150165e-15	2.937847102497704	4.4143722769261755	4.618584069947814	3.8236966917421777	2.675428591362844	3.112822165979249
TREM2	2	-8.881784197001252e-16	2.3690799474044835	4.478222502971232	3.9481454042877107	2.582492774820641	2.394097032421051	1.9120728679388328
APH1C	2	-9.689219124001365e-16	-0.14755544798583617	1.0732380131713577	0.35097493749042935	0.44391400806639697	0.029202865857678794	-0.13885280640768516
GRN	2	1.2111523905001707e-15	1.2287746686445058	2.6341549770545245	1.5828553430132004	1.1668593330095804	0.9380656333448693	0.5993593164017988
EFEMP2	2	0.0	1.5016964470282945	2.3601360045783593	1.957377389078003	1.3046644871569606	0.8423461871066291	0.5614188717403363
SLC2A9	2	0.0	0.2975880310810512	1.0049210675625349	0.6496360798123404	-0.07938181872954721	-0.4458460149318467	-0.4187985382827806
ADAMTS15	2	-1.2111523905001707e-15	0.8372294489474634	1.8436502679229132	1.6621254798244316	1.1279635765566969	0.8113934397086655	0.6029167567240878
ADAM19	2	-8.881784197001252e-16	1.5193160379989354	2.437614530895534	2.2649857584847353	1.9427899223129492	1.6989665317661646	1.2655503166738844
TCIRG1	2	-5.652044489000797e-16	1.3611047526721098	2.3371695749538057	1.75945665883595	1.0715844922054045	0.5988567452317675	0.6992167446729619
ALDH1L2	2	5.652044489000797e-16	1.5857823631805188	2.418290409723337	2.2009265555823117	1.2886287562510608	1.008203041788838	0.9531614654297033
FSCN1	2	-8.074349270001139e-17	0.9993834887211864	2.1327619318229467	2.0942731103929595	2.050097620600218	0.45774338610330495	1.3643613445191933
GREM2	2	-6.459479416000911e-16	0.871552586872006	1.6569559586463365	1.4828162116942087	0.5494777015185083	0.21367009351035032	-0.37096554522622277
RNF128	2	-8.074349270001138e-16	0.5061495149175919	1.7164659813011598	1.3852323940992965	1.0184724603869504	0.9972840981557421	0.3269461959477061
TMEM37	2	-4.844609562000683e-16	0.8200022270920199	2.0820047725609423	1.075181333094242	0.2204474789401415	0.44942092589246824	0.24141332452294473
STAB1	2	0.0	1.5833269360069273	2.7255956260415655	1.7923155943423732	0.893998999296194	1.0706413649349922	0.7008135780517027
FAM26E	3	1.8571003321002618e-15	-1.7948109770341911	-1.496041642993088	0.6059018268266989	1.633811362533705	-0.19775483964753632	1.7671292747137726
TMEFF1	3	-3.2297397080004555e-16	-1.462738615373209	-0.36765943144300445	0.703724942454339	1.7247776017435148	-0.8115219432164299	1.2723942131277697
SLCO5A1	3	1.2111523905001707e-15	-1.0677318451481277	-0.7981797787623988	0.6528592179892032	2.438230962747426	0.8038635618192778	2.5410119097047907
TBX1	3	-7.266914343001025e-16	-2.2433008289192267	-1.79458205472105	0.42757049460342106	1.1441341396354794	-0.7527218476199905	1.274686411405774
CLDN10	3	8.074349270001139e-17	-2.5367320721677578	-1.809454662048293	0.09997198025192434	0.77792169745261	-0.842020765291014	0.8213231399360187
HEYL	3	-4.440892098500626e-16	-2.063172137913908	-0.14797131666798247	1.6855547550330507	2.1592940269635013	-0.17398458124047006	2.0743650347809406
ZFP618	3	-2.8260222445003984e-16	-1.729294872829928	-0.18453871145549458	1.6088864588562293	2.7447368754149752	-0.33180974164469296	2.760065747658471
IRX4	3	-4.037174635000569e-16	-2.654129056408953	-1.3711164384161727	0.37891236813131246	1.2083219678358863	-0.6686915038496419	1.1622393405943787
CLDN8	3	4.037174635000569e-16	-2.685230655550139	-2.409061972074148	0.3538353020162273	1.4994502109878254	-2.018324926531558	1.5024715868837233
SYTL2	3	3.2297397080004555e-16	-1.0309967363997823	-0.09177582230551451	1.2751987627602468	2.4960592168591584	-0.15704444337243686	2.283103950418612
TMEM62	3	5.652044489000797e-16	-0.7379223853360429	-1.0622640479725012	0.08557742876308923	1.567770629135258	-0.735642333492829	1.5444211856330334
LGR5	3	-8.074349270001138e-16	-1.9894874913172087	-1.2142363417240993	0.6199577175479624	0.7750571388263008	-0.6311780813983858	0.8712580174088637
LNX1	3	-3.2297397080004555e-16	-1.3335223627526975	-1.5792015358784353	-0.4293227774187313	0.5864135334006882	-0.9281517495983724	0.7890559595647036
MEX3A	3	-1.2111523905001707e-15	-1.466827673855101	-0.33996723940674506	0.7999991489717544	0.9850682488021799	-1.2991351990182225	0.891693327413751
D630045J12RIK	3	0.0	-1.2165661876201683	-1.0468463205108518	0.2983254687884242	1.1262532822411573	-0.38476964377378076	0.8394032720257351
ST14	3	-1.2918958832001822e-15	-0.6057408803904737	-0.7546565431134971	0.810142884197334	1.7469993801278028	-0.8457675625836277	1.867457620259757
IGSF9	3	9.689219124001365e-16	-2.04198905814006	-1.1666141325289767	-0.23998877632630522	0.1662169360531106	-0.8858257503991732	0.1334674560602944
SLC39A8	3	-6.459479416000911e-16	-1.440712709552727	-1.6825050842458278	0.4446372233680646	1.5514057282282268	-1.874483636076733	1.4925657550070368
CTNS	3	1.2918958832001822e-15	0.26630154812803464	0.7876664355507884	1.0676714748578682	2.3578985363390697	0.41792657456448723	2.136419498281483
TMEM246	3	3.2297397080004555e-16	-1.8607856845538426	-1.2734178669632252	0.02870718150405871	0.7792101609677448	-0.3465978821089658	0.7080131481019105
KIF26A	3	-8.881784197001252e-16	-1.8316132638269549	-0.33059533786308615	1.474296551821129	1.9710468739679072	-0.15369619870611145	2.0610556495822894
RASSF10	3	-1.937843824800273e-15	-2.1103037772172692	-1.2024409466822445	-0.24275123818745692	0.8272017704393323	-0.45493262483313296	0.8817013261077623
EYA2	3	-2.4223047810003414e-16	-0.7725733483698088	-0.6490339357759931	0.2586625567330562	1.8080657848598265	-0.5340658363976144	1.8974504689861715
MYCL	3	0.0	-1.9885364903578395	-1.6381579646385562	-0.03825297148164208	1.1104989511539884	-1.1995745432451055	1.166732213507863
SARDH	3	9.689219124001365e-16	-1.7154095968878742	-0.5684693044307485	0.3740726089659779	0.9478339043209328	-1.0433937069649395	0.9543059650173805
D8ERTD82E	3	-3.6334571715005125e-16	0.06103197346207582	0.3551191451533744	1.5600369533975256	1.7044926768579785	-0.11163711077301208	1.8758994529047541
XKRX	3	-8.074349270001138e-16	-1.705105163862908	-1.7543480803061786	-0.7967406374576697	0.24317280948915043	-1.4152433667931732	0.34028922172315196
PADI4	3	9.689219124001365e-16	0.26312081387064695	0.26084444650476285	0.9064956069753362	3.0834190363546985	0.4090185051096283	2.8726286461929567
KCNK2	3	-2.4223047810003414e-16	-0.5816225613282416	-0.6500106242762732	0.37948139323351826	1.3326485049297314	-0.004123030651455561	1.8451477193058934
5930412G12RIK	3	-3.2297397080004555e-16	-1.8594196813428179	-1.4824449490548404	0.04787977005693031	0.8898734285829288	-0.7728233987518361	0.9034119436640095
CALML3	3	-9.689219124001365e-16	-2.1731774248984834	-1.7312054061608164	-0.49257207149396104	0.09774268468577513	-0.9105240804806465	0.24341792964361517
RASL11B	3	-2.099330810200296e-15	-2.3520674708584792	-1.234989515775555	-0.11078578537006303	0.9779047972570065	-0.8114401657754238	0.9664026158809363
D930048N14RIK	3	-1.6956133467002392e-15	-1.7285900033673016	-1.2639333356572333	-0.11871344758909502	0.245309203208829	-1.0471226334769113	0.7367300599269849
PHLDA2	3	-4.037174635000569e-16	0.5111985156739478	0.4552069211435535	1.4990602682305136	2.6606998023087987	-0.13065399201653793	2.847156794086039
SLC39A2	3	0.0	-2.0179323759446826	-1.9001291591078593	-0.7150706636016619	-0.27748509776109065	-1.4571424136878797	-0.2049483071829745
EFNA2	3	0.0	-0.07610662028772623	0.15633891764452748	1.4143213754519264	2.525056322060533	0.2556819328486365	2.4792457901744367
AI661453	3	-4.844609562000683e-16	-0.8075807430759877	-0.8515574310099182	0.8980484938274333	2.4629285182136558	-0.30743652178391256	2.3256421037242903
MAGI3	3	-1.6148698540002277e-16	1.3234705333724293	1.5301883636486462	2.342548215253679	2.4763780693331667	1.1227819734427016	2.7366802372158574
LURAP1L	3	-8.074349270001138e-16	-1.79954443286334	-1.0180568758574726	0.3545301852889013	1.616751382096117	-0.21855654255668	1.7285047409784058
TIAM2	3	-4.0371746350005693e-17	-0.6768422688855121	-0.4370638737666017	0.468529209457904	1.2037414377930418	-0.20516620471264027	1.2528076600468185
PIK3R3	3	0.0	-0.21008487136776455	0.24153957740756105	1.7676000564340837	2.954427805503404	0.9377724586607386	2.91917550032061
MAP3K6	3	1.1304088978001594e-15	-0.11685300642705883	0.06831127148394527	0.7782753172995522	2.077279629389041	-0.5286645265316887	1.8888982357615918
SP6	3	-3.2297397080004555e-16	-1.1303294559203787	-1.4343097042936046	1.2475791082959153	2.2035037002254825	-0.5452824197871922	2.257993250310857
KALRN	3	-4.440892098500626e-16	-0.69327929825999	-0.47820355598547426	0.7141413502142832	2.021181152067697	0.6037733312115316	2.063225452964414
SMPDL3B	3	1.2111523905001707e-15	-1.6844307815838784	-0.5284690138051095	0.20349689659700393	0.8936359713753833	-1.2753007956463618	1.1469317819410507
PAQR8	3	-4.844609562000683e-16	-0.3212414488671094	-0.19807721773368545	0.9830531571800644	2.5312718266218384	0.2788891834420094	2.579288866541987
VSIG10L	3	5.652044489000797e-16	-0.6583447822129475	-0.6344337585699932	0.5084137355201759	1.1723050069613925	-0.15646513199760656	1.0087808451576465
ID4	3	-8.074349270001138e-16	-2.0458168975379234	-1.9661293160933413	0.030343408985584377	0.9169615641594256	-1.0512526697733602	0.8300311020677136
LHFPL1	3	5.652044489000797e-16	-1.5706049496648575	-1.7252555598500958	-0.09519730864570584	0.9691667666584116	-1.2492872918999798	0.5546175666365187
PRR5L	3	-8.881784197001252e-16	0.8534038929078847	1.2364956903275657	1.9421245337406907	2.8837908586312078	0.819487681230832	2.9272673224769545
DNASE1L2	3	-6.459479416000911e-16	-0.8576278139464572	-1.0873943332530587	0.07586331725781212	1.5761209397845313	-0.898349555594239	1.309719388747758
WASF1	3	-1.049665405100148e-15	-1.6365613099165675	-0.6570559734750917	0.3862146883893814	0.7744001818068598	-1.0574999572407922	0.649941078523101
EPHB3	3	1.7763568394002505e-15	-1.357085991362281	-0.8709882093342359	0.5621363070394755	1.6084283437700975	-0.3350073738259242	1.6823950515815609
BC016579	3	0.0	-1.0868922421090847	-1.2034465339613782	0.20847587528623893	1.1004236983108973	-0.5616178286536421	1.1830437516811387
STBD1	3	-8.881784197001252e-16	0.1779276809513309	0.9030222896882757	1.7457828963927577	2.7917708670232826	0.7985819513129533	2.5628192644703827
SLC39A10	3	9.689219124001365e-16	-1.3198309910407937	-0.66207697096069	1.3606420733771678	1.8101428052198039	-0.8524745453678362	2.0969106317405415
STMN1	3	-1.6148698540002277e-16	-2.247279910373686	-1.0976156349512018	-0.015655174664034825	0.15779501404467328	-1.929101751388361	-0.02044306645186612
RAB15	3	7.266914343001025e-16	-0.25849981821989143	-0.6089912264679119	0.8243475892181181	2.081169811802979	-0.3267377482020998	2.0285881154677146
NKD2	3	-3.2297397080004555e-16	-1.8902133064113809	-1.6997357893959393	0.8320580189709846	1.9123125333921982	-0.8759604078343084	1.9999542337323069
SCNN1G	3	2.4223047810003414e-16	-1.7867297900281642	-0.5804127085281684	-0.22332734336836826	0.4875136229502313	-1.67322252013556	0.3793109883377088
SOSTDC1	3	1.1304088978001594e-15	-1.7881996286409372	-1.5425292954567869	-0.3253565427262395	0.23132964399618478	-0.5629394305980823	0.21379393005931682
HOXB8	3	9.689219124001365e-16	-1.8270753451343482	-1.258834461049775	0.04794110261026965	0.4507889167672019	-1.1872846196741194	0.7108897488338847
D630041G03RIK	3	5.652044489000797e-16	-0.07447527823217714	0.2825534288251013	1.407045574955239	1.8603004964257392	0.2743456185935799	2.2041410680887097
PRSS8	3	3.2297397080004555e-16	-1.2140663027715168	-1.6001199262281436	-0.38213492780136815	0.8876758083355439	-0.950962135470409	0.9807720822192962
RBP1	3	8.881784197001252e-16	-1.1732005828071692	0.4980342021172867	1.4000065880528179	2.148204770281308	0.5480656076454491	1.9930080147920897
CITED4	3	1.6148698540002277e-16	-0.8578537958412168	-1.1768014182961528	0.574628042083985	1.951563660780478	-0.49463783405067563	1.970544228283859
PARD6B	3	0.0	-0.03824905696512452	-0.24948453728789452	0.7922656390456219	2.182405618471563	-0.13489791422967815	2.09380134894776
WNT5A	3	8.074349270001138e-16	-1.2442391100054602	-0.298147020731866	1.3697274442705345	2.0232274044264824	-0.2753741720009309	1.88013772046492
ROR2	3	-8.881784197001252e-16	-1.2012506413275934	-0.4271009023172215	1.1716001126514752	1.5733101255067952	-0.05966210302965713	1.101660163336085
MFSD2A	3	-8.881784197001252e-16	-0.9106501909948387	-1.0625587873892335	0.3751046916673587	0.8659260471227488	-1.565777770516874	0.9368422219340359
HMGB3	3	1.2111523905001707e-15	-1.3908287292712391	-0.4674367641652812	0.4072355838917773	0.5860654534712549	-1.3230445371189563	0.6815707284372557
RASSF9	3	8.074349270001138e-16	-1.1730370918194153	-0.9515990901222967	-0.008959559152678764	0.8398570905845326	-0.7512762483477603	1.1650278421444467
UNC5B	3	4.844609562000683e-16	-1.3417854786546652	-0.9251718088483574	0.7307988312727706	1.8296869726144216	-0.5806279386214858	1.8442400048791
MYO5B	3	1.6148698540002277e-16	-0.638382738714102	-0.24187090183558002	0.3220165739937182	1.1269153489849015	-0.8767225568214186	0.9063754454770795
HSBP1L1	3	2.099330810200296e-15	-1.4431411513354775	-1.8955825286034382	-0.9025510368009825	0.3090560112841576	-1.4244240612252592	0.43690204676451944
ZFP827	3	-1.3726393759001935e-15	-1.0905999216378257	-0.3620165293812203	0.670771732185485	1.514799894800188	0.12449195318236006	1.2254101121444883
SOX21	3	-1.1304088978001594e-15	-0.9154168233835532	-1.1842167433379365	0.7997780071856755	0.9421095935989274	-0.7935355035864445	1.0873179354231108
VANGL2	3	0.0	-0.4526127575502992	-0.46440141942563956	0.7263447828961164	1.5828154690923233	-0.7732772737897735	1.4654349480548972
LPAR3	3	3.2297397080004555e-16	-1.1579013642915965	-1.024001123612538	0.12447355879282056	1.0230646841732705	-0.6480531095814869	1.110661441252052
SHROOM2	3	-5.652044489000797e-16	-0.35227775695613744	0.013485671300968857	0.6492791380743129	1.234881083785883	-0.39848111662750635	1.3137220645514112
NFE2L3	3	4.844609562000683e-16	-0.5747401238856173	-0.9991043178006951	0.5857251400796191	1.8785873895130378	-0.5513179648070377	1.793854104633207
ZFP365	3	-8.074349270001139e-17	-1.111563253251532	-0.71628378352893	1.3238568979811332	1.4755985177429713	-1.0366617913762972	1.1828009030619215
VARS2	3	-1.2111523905001707e-15	-0.7827743974290735	-0.1999332750195212	0.35352635255161924	0.7448780520885211	-0.40821733472872596	0.809433888957165
FARP1	3	2.4223047810003414e-16	-1.095296741789432	-0.4299161352035907	0.8834204563035848	1.3456138439355605	-0.2722335663001053	1.2426254141181727
IVL	3	-4.844609562000683e-16	-1.070140740615128	-1.1141754824020704	-0.44697814455379875	0.6288237761053552	-0.9477533110257934	0.5832960129368009
PLEKHG1	3	4.037174635000569e-16	-0.2570507283348633	0.10249154635546898	1.2997328264938963	1.541491448023941	0.04431930836360678	1.8324891172546467
BPIFC	3	4.844609562000683e-16	-1.5937330100342628	-1.4929038263849777	-0.8012930050483752	0.3516366390830189	-1.2123083428919217	0.21608543461238822
AIM1L	3	9.689219124001365e-16	-0.37253018049158665	-0.9199092533986102	0.05209329067881403	1.2396224182360083	-0.45744592974165893	1.2048390908484412
FADS3	3	1.049665405100148e-15	0.8046545509571374	0.8779853361624883	1.2678510588155887	2.813638494901352	-0.1544193728303922	2.577127530877635
HSPA2	3	4.844609562000683e-16	-0.5071663896898891	-0.7894076488509212	0.8463273693378074	2.1836418346819757	0.09222863477759677	2.231829212452938
PAPPA	3	-1.2111523905001707e-15	-0.8402311044403964	0.3069908766905223	1.3910114388314319	1.2393587579908576	0.16939640580074294	1.3992077776376775
ACOT1	3	-4.844609562000683e-16	-2.231856465041177	-1.7451914655482177	-0.8878726409542974	0.016313187973964235	-1.4693495712052955	-0.06803899374752476
SERPINB11	3	1.7763568394002505e-15	-1.3886244768739433	-0.5827935018633308	0.3391814302792182	1.450253546608449	-0.2722725719028157	1.5532202311248986
FZD5	3	-1.2111523905001707e-15	-0.6990655556198219	-0.5987773854921788	1.0471600133625847	2.140267615750896	-0.33130740221506033	2.2270396244659625
PDZRN3	3	-9.689219124001365e-16	-0.9572314851381875	-0.6026931215140846	0.6444113483224437	1.6183151412102534	0.15171117010633547	1.737738222561731
LAP3	3	6.459479416000911e-16	-0.9469875610323729	-0.7111661556705019	0.6901031385400642	1.948512513851741	-0.820596059608661	2.039284512804845
GLI2	3	-8.074349270001139e-17	-1.6422765752581856	-0.803471681646648	0.13243754265621932	0.649129900037503	-0.8262858801411923	0.5505948211568839
KLK10	3	3.2297397080004555e-16	-1.4917441108214577	-1.1996020083384458	-0.5774865162958321	0.5512359779415383	-0.8274486517353361	0.3914968034978626
TM4SF1	3	-9.689219124001365e-16	0.7345208725116209	0.7276670753151554	1.3306256501060518	2.9592063341938473	0.38694251963173654	2.796955999433315
CLDN12	3	8.074349270001138e-16	-0.8261816133782309	-0.5268676888089326	0.09735227899092487	1.0422828595850202	-0.5986283427813921	1.1329615308729588
SLC7A1	3	1.6148698540002276e-15	0.35205124947107524	0.64017564744152	1.6917731657265165	1.8368763099414525	-0.2555721116229851	2.129168069403074
BARX2	3	4.844609562000683e-16	-1.8610179566495317	-1.6926607728527792	-0.34285371571339646	0.5039379052671618	-1.177066954698793	0.6437282644322848
MPZL1	3	1.6148698540002276e-15	-0.9829030791066681	0.1988460271833238	0.8717620251059938	1.414369194805652	-0.2740602924543025	1.1075547629239606
BNC1	3	1.1304088978001594e-15	-0.12645912789901112	-0.4184904528818348	0.644211634192388	1.4423302911028433	-1.0481602810058859	1.2696736942512379
SESN3	3	-4.844609562000683e-16	-0.09549462268995534	0.5033556623427072	1.5212811698615647	2.067224822171493	0.614930168952631	2.2618870024106528
MICAL2	3	-9.689219124001365e-16	-0.5634650349417311	0.03565009686991901	1.0867589934787274	1.5606376145093783	-0.059085228133690396	1.7514218763956315
NAV2	3	-5.652044489000797e-16	-0.16103319946199793	0.2213127236594726	1.7117353054738516	2.4276251732844125	0.24971642382239106	2.4256240827567885
HOXB6	3	-1.8571003321002618e-15	-1.5602948550325053	-1.3048645937622443	0.20603953869374275	0.4593457361147637	-1.2243853119277417	0.7062694310658512
SH3YL1	3	-8.074349270001139e-17	-1.0133336187530166	-1.2492451069703912	-0.08104572203277498	1.0797635352409585	-0.815133949348185	0.7497383488820717
EVA1A	3	4.844609562000683e-16	-0.6924840173515615	-0.6813018401171272	0.31344853820788887	1.2034565398591484	-0.7054146604867307	1.0216325607952492
THSD1	3	-4.037174635000569e-16	-0.3777592724876426	0.1906244302452805	0.9666881765683857	2.218314594655034	0.29174840054148177	2.1787806384884294
AHCY	3	9.689219124001365e-16	-1.0124086110777448	-0.6079856076600988	0.10618999776372527	0.6930702835772689	-1.5220314991037605	0.6010039822736188
GJA1	3	8.074349270001138e-16	-0.2859990476141501	-0.16582008949820523	1.015531437847084	2.442711054255399	-0.5473167233405748	2.2952656187021914
NETO2	3	-6.459479416000911e-16	-0.4211521567064688	-0.13194366328525842	0.5251045246153517	1.6371534326228803	-0.3149227201768553	1.7035437560148368
PPIL1	3	8.074349270001139e-17	-0.5123482403715383	-0.10646661982043108	0.4611013776259917	0.7073486266785828	-1.3180872167424238	0.7849070954396726
SORCS2	3	8.074349270001139e-17	-0.04797557274887428	0.14237334542191235	1.5788619757718338	2.04615131067399	0.6076042527352248	1.218011076014083
DUSP8	3	-4.844609562000683e-16	-0.7136482690802081	-0.5080509008082338	0.5265826019410155	1.5007524586152825	0.19523817017580775	1.6086037780142113
SEMA6A	3	6.459479416000911e-16	-0.38768768644422336	0.3923661151259397	1.4991410382225145	2.2210321454904958	0.6298895351351838	2.3372884967257948
FBLN7	4	9.689219124001365e-16	-1.4346917250182294	-0.13943756911446012	1.3647173523389013	1.908383891566263	2.536473170119054	2.1184134938304724
PYGM	4	9.689219124001365e-16	-0.3936304020575883	-1.6075339964339606	-1.1021175583701754	-0.7018804942447037	0.9227517991810401	0.43411053804855465
WBSCR17	4	1.1304088978001594e-15	-0.8018828097920139	0.23228984563715085	0.492619463567535	0.8543974522455414	1.1137516658653763	0.407151352080129
SPTB	4	1.2918958832001822e-15	-0.3451931496691913	-0.8997752129673211	-1.021667719073318	-0.513402561474421	0.8463244658347765	0.20347546818394874
ITGA11	4	1.6148698540002277e-16	-1.419525647679282	0.13117142332725465	0.9308960256744144	1.394326945430442	1.4443920556556962	1.0266763916274118
PRR33	4	-2.4223047810003414e-16	-1.6020917538192678	-2.4893813358501853	-1.7190360175912425	-0.9544628462990041	0.6776890352520025	0.3213319852509357
MSTN	4	-1.6148698540002276e-15	-1.993136045701932	-1.8362892408282459	-2.158173960579793	-1.5703568364371423	-0.29947441002191244	-0.625918791117536
PGAM2	4	-1.6148698540002277e-16	-1.6720655032398035	-2.0409245955067377	-0.7031475121505715	-0.373243294681255	0.6703046671292135	0.3052201991747161
MB	4	3.2297397080004555e-16	-2.342921677943327	-2.609560102165942	-0.8573922099269103	0.01692957639778295	0.782683122560617	0.21789566711695665
MYOZ3	4	-8.881784197001252e-16	-1.3196018543924855	-1.774249814974361	-1.1583302031888174	-0.5276391438882352	0.7779007314313364	0.17294634382270713
CACNA1S	4	2.4223047810003414e-16	-0.8656681594558361	-1.3597996044506075	-0.4098974791848626	-0.4675111042798583	0.7554383812344421	0.38128122251864727
CTXN3	4	4.844609562000683e-16	-0.9246286648970128	-1.92673872660717	-1.1699340970137098	-0.5424713594483607	1.2648499826576316	0.9220601656470803
MYH4	4	2.745278751800387e-15	0.21015320216051356	-0.4693327622031518	-0.8732437730521553	-0.6490243458297015	1.3993306124853109	1.0170396847028134
MYLK2	4	-1.6148698540002277e-16	-0.7217201757126229	-2.0071405348971827	-1.7540282613031053	-1.3901614758263325	0.6486121214556688	0.1748703986305301
ENO3	4	1.2918958832001822e-15	-1.4159729187690042	-1.9137302302108523	-0.6995276234483623	-0.594173983185975	0.44533834414228846	-0.018318814808218387
PFKM	4	4.844609562000683e-16	-0.9640008895816657	-1.7064636936481612	-1.0962265753898564	-0.5717788023055239	0.7584213455071007	0.27928041590570535
CKM	4	-6.459479416000911e-16	-0.5632787408983769	-1.645861337945058	-0.8587910527050574	-0.4182354276855849	0.6815315360818583	0.03158368551159605
MYBPC2	4	1.6148698540002277e-16	0.0870234486386819	-0.6134495707610831	-0.2243376019265804	-0.015259139648159574	1.2240648243306742	0.6217114888262969
KLHL31	4	-1.2918958832001822e-15	-0.6427784045408117	-1.1423002184203017	-0.16933960442551357	0.07761989727179965	1.4525157548163752	0.841932728184707
AMOT	4	-1.1304088978001594e-15	-0.5531656235078487	-1.2326828730904886	0.08889812551751707	-0.043745697986058894	0.39638929035512227	-0.1855604852312047
MYOZ1	4	0.0	-1.187001874214259	-1.873339993223137	-0.9231614126667375	-0.6331166044026766	0.5134288552519501	-0.09334792802130677
MYL1	4	-8.074349270001138e-16	-0.8094085231614186	-1.343690539065829	0.49955556461122796	0.6033616422129352	0.7489473974990355	-0.10609290393044256
TNNT3	4	-1.2918958832001822e-15	0.1312925109526272	-0.6401479765384686	0.09021790589196482	0.0998714525775211	1.5418740951309684	0.9239963325153553
3425401B19RIK	4	-1.049665405100148e-15	-1.1868966903591538	-1.0761264560834036	-0.4034331510547169	0.053809711273859584	1.164620930475635	0.455093015375636
MLF1	4	-1.6148698540002277e-16	-0.9193385304078946	-2.2220144481712247	-1.5394276024075302	0.23711504598002167	0.41701913992363604	0.48059915626057514
ANO5	4	4.037174635000569e-16	-0.25570902628633196	-0.9643275987509953	-0.5617970298391971	-0.4386957051144964	0.9385194544195942	0.22622460683657997
MYOM1	4	1.2918958832001822e-15	-0.8124320354572193	-1.368698179728499	-0.5149150456349076	-0.13732520503857853	1.063007118313361	0.2775901019680471
NMRK2	4	-7.266914343001025e-16	0.8906872894374352	-0.3615887846702373	0.33383518499478965	0.7035164016181181	1.896446539532149	1.0749519070673328
ATP2A1	4	8.074349270001138e-16	-0.05017093353258595	-1.1290518205248623	-0.7797846007964252	-0.25208334566249635	1.3639445341987133	0.7525661377793065
AMPD1	4	3.2297397080004555e-16	-2.138651463078332	-1.8725664827866197	-1.0285422317625712	-0.7380645009705629	0.4666135022606646	-0.17223770100294658
ACTN3	4	0.0	-0.503952051890587	-1.0910787128281212	-0.37004010011042787	-0.3182874311898574	0.8970965452877548	0.39483444677739854
PPP1R3C	4	1.1304088978001594e-15	-1.5713288799687284	-1.4996243940623124	-1.1003148923922255	-0.6024737670060507	0.1277103267422456	-0.4427784717150755
SYPL2	4	8.074349270001138e-16	-0.8688002440204902	-1.1795308086232146	0.2179266564595858	0.5237343983040804	1.0678084415662794	0.28312401565867956
CILP	4	2.4223047810003414e-15	-1.1854631712681016	0.08736449781655509	0.912347590472627	1.0051609005159934	1.455907263685411	0.6239303161008067
SHISA4	4	4.037174635000569e-16	-0.6205001935166413	-0.7143615514788646	-0.03254970087253526	-0.009377487182835396	0.8101452416195422	-0.002591823867931886
A430046D13RIK	4	-2.4223047810003414e-16	-1.079057206935173	-1.060130692185881	-0.8847346473840662	-0.7064595023705187	0.031477642112321916	-0.17817577423842385
JPH1	4	1.453382868600205e-15	-0.163399004300577	-0.282182657524445	0.25334677384016563	0.2423854745767083	1.553432686045435	0.8642145121437192
SYNM	4	-3.2297397080004555e-16	-0.11891219401962694	-0.42672244796255193	-0.08974479369746001	0.0554229897773606	1.4642696746821753	0.9426653955381482
LRRC2	4	4.037174635000569e-16	0.7855369117266179	-0.4253705300722836	-0.5258968638418664	-0.22346012890161598	1.099018466430863	0.28606221750140315
HSPB6	4	-9.689219124001365e-16	-1.0119612329554262	-1.3799808489977607	-0.8641223421378897	-0.2597161995937274	0.04369487223967887	-0.5953037876790209
CAMK2B	4	-8.074349270001139e-17	-0.8830246674421192	-0.6376587566012158	0.6596143897187008	0.4463847839598331	0.9933888126977175	0.22412681726131095
LDB3	4	8.074349270001138e-16	-0.7447469944623303	-1.2934486762621602	-0.48851703819574865	-0.239184978451995	0.8378437359113192	0.2129310606043816
ACTN2	4	-1.1304088978001594e-15	-0.6074684483544391	-1.1356603456578247	0.401408360677972	0.5057616816583067	0.6306584718050386	-0.23265260285730366
FNDC1	4	8.074349270001138e-16	-1.6385998400850152	-0.09199594712068926	0.6559900691077672	1.0804027884143372	1.1873125032720462	0.9918615413621253
MYOT	4	-1.6148698540002276e-15	-0.31205270438454863	-1.018272127677512	-0.35458311257178193	-0.262984840992338	0.9192987351606202	0.1925084151261542
CMYA5	4	-8.074349270001138e-16	-0.13751774843820286	-0.7453212497801233	-0.538940299962644	-0.19652834914365933	1.439123873376452	0.8329749950322433
CAPN3	4	6.459479416000911e-16	-0.8348018447623168	-1.0658602317193986	-0.4185263615404448	-0.5574812921065738	0.5420423239816576	0.06559886721567212
SMPX	4	-3.2297397080004555e-16	-1.5127420740448028	-2.0072329694089897	-1.1678002802751353	-0.8101855167600718	0.005910445533942088	-0.6161200064569353
KCNJ11	4	-8.074349270001139e-17	-0.6362826306289717	-1.0946923250975855	-1.1919413217239152	-0.6320058249343566	0.7072521164653927	0.14269415186009668
9330159F19RIK	4	-8.881784197001252e-16	-0.7428618055250377	-1.136308623353053	-0.6173618838678432	-0.2326645231891397	1.066233959903173	0.7666989537629636
TPM2	4	2.2608177956003187e-15	0.16569483230146162	-0.47301552666602315	0.3600627709662316	0.3332909033656204	1.5383180284174858	0.8636237407722338
SFRP4	4	-3.2297397080004555e-16	-0.17625376691946157	0.18231165032889973	0.05955434969522624	-0.04221595515654617	1.743819678220003	1.4116811164312901
OBSCN	4	0.0	-0.01031758812510016	-0.6424787146267266	-0.4521689109040899	-0.2413575490990768	1.368859677198751	0.5861062920478922
TCEA3	4	-1.5341263613002163e-15	-1.124786279560887	-1.173544274788127	-1.0270901863636714	-0.6632228752773381	0.9708558987812786	0.526311951919224
EEF1A2	4	-1.937843824800273e-15	-0.6671054187022022	-1.3404171318760252	-0.8887622098331259	-0.45699538807417545	0.7676098914161982	0.016463038825019538
CDNF	4	-9.689219124001365e-16	-1.1068988673040752	-1.6155545058065899	-0.9157676470582199	-0.6231874146931978	0.18195972261941754	-0.1729619518939588
ACTA1	4	-9.689219124001365e-16	-0.39866682042296525	-1.0364260235025686	-0.16255444087601345	0.13722818803169207	0.9145785295323952	0.09563697368960757
FHL3	4	-3.2297397080004555e-16	0.16798946177723714	-0.25769611474715254	-0.3791337882178895	0.03200693319274124	0.6244936649917964	0.10552469171830739
YIPF7	4	1.1304088978001594e-15	-1.235139963849362	-1.1290077026616274	-0.3107911989607995	0.10748211576031559	0.8478383904599458	0.028421328405887344
CLIC5	4	4.037174635000569e-16	0.48701966757529913	-0.7380528997839045	-0.33127403658478705	0.07991999126887907	0.9271278920943844	0.39363388618865364
AOX1	4	-9.689219124001365e-16	0.1640834481027648	0.4692469182423766	0.22426371189189193	-0.061942796436830753	1.3182130182906053	0.9028537533085771
COX6A2	4	1.6148698540002277e-16	-0.9154533263768655	-1.6864899163428617	-1.0849468013428303	-0.8536203798127314	0.45020825250529184	-0.1958124993367277
MYOM2	4	0.0	-0.9010117812533801	-1.4401747146404003	-0.4545217605356276	-0.34624522697930227	1.0090394868865302	0.1884914692435638
POPDC2	4	-6.459479416000911e-16	0.31556232075544594	-0.44328407478743564	0.37797994069493296	0.23349528695088548	1.1665381328430215	0.3192963666437614
0610009L18RIK	4	-3.2297397080004555e-16	-0.6870072446888988	-1.0764218753621122	-0.18724288601915326	0.19251589828165236	0.6328292935032669	0.3208390253045454
LDHB	4	-2.2608177956003187e-15	-2.1300340386328998	-2.0726483562722615	-1.707102403240925	-1.0871030155794779	-0.46655165542428706	-0.4323894286132941
JSRP1	4	5.652044489000797e-16	-0.5740426361473148	-1.0517178460464305	-0.57065814900017	-0.490578883752101	0.8659189120554884	0.07351543373824584
RAI2	4	-7.266914343001025e-16	-0.42174489560584577	-0.36344501136982504	-0.4154129053901936	-0.10314048358625011	0.409802460373249	0.3314303200505604
AK1	4	-1.937843824800273e-15	-0.9973461759284995	-1.384774075062016	-0.530128407257079	-0.1768752148992699	0.750168548729967	0.3242123710026821
SRL	4	4.844609562000683e-16	-0.8481957658231494	-1.1067756598716456	-0.06431492756434455	-0.13307958809389867	0.7847508845860309	0.12297310551703995
RCAN2	4	1.6148698540002277e-16	-0.4365943297108083	-0.2858802759863696	-0.5698545826705324	-0.2464983398005252	1.1016996993793704	0.49994541297057804
2210408F21RIK	4	2.4223047810003414e-16	-0.11969570999921737	-0.12994751275620495	-0.2559242848229507	-0.7384974012041834	0.6245403308520062	0.45296159445130474
PRKAA2	4	-8.074349270001138e-16	0.1493606785952215	-0.660242628459239	-0.32499831041430016	-0.07303435449322344	1.3052982709412828	0.8602444386398109
USP13	4	0.0	-0.19092883863395813	-1.0834494114080482	-0.851829153713312	-0.3633940063887142	0.8591863713541528	0.35005644702511096
2310002L09RIK	4	-8.074349270001138e-16	0.23745139401426005	-1.0311966630948317	-0.8309852235209853	-0.9815767169179853	0.6300725876035614	0.03241783293979231
TMEM38A	4	1.453382868600205e-15	-1.5653616145472313	-1.7258107880789808	-0.8321180900960741	-0.4680474860473932	0.46335026289104775	0.10073803782148455
SCN1B	4	0.0	-0.6996466333156944	-0.9519074572965653	-1.013815567545742	-0.6992394569802936	0.5978298700311179	0.2634998268688134
CAMK2A	4	1.6148698540002277e-16	-0.5169061339575447	-0.5963022787264912	-0.27770646714886255	-0.4534310703630337	1.3070552198423295	0.8044014091422056
ATP1B2	4	-3.2297397080004555e-16	-0.9944495166660524	-0.6479911925683458	-0.22612099722233528	0.40346390587766606	0.8446374081512189	0.17734396237531033
KCNMA1	4	8.074349270001139e-17	-0.07205335303881306	-0.013865758201202357	0.14373863405981596	0.37997221556614685	1.4209677145799713	1.0768762888420846
SGCG	4	-9.689219124001365e-16	-1.3776972959695393	-1.389584020751027	-0.4696582075890262	-0.4182644587954352	0.5009283484792106	-0.1536566059965279
FNDC5	4	-1.2918958832001822e-15	-1.0292604391326725	-0.002896620636423375	0.9922457544521971	1.029500822010923	1.3042200457746838	1.2724713910615966
MYPN	4	-1.1304088978001594e-15	0.4200075657318992	-0.5508201437097634	-0.17988440759753832	0.01472873803266651	1.241007899936544	0.6476370140950565
IGFBP2	4	-6.459479416000911e-16	-1.1750903277969427	-1.164274755540002	0.22239064479680468	0.8641641248497339	1.3961730984736889	0.7286946575361406
DACT1	4	1.7763568394002505e-15	-0.8530209571296038	0.4615942818242371	0.8873660509026206	1.026989534286101	1.44017264572849	0.8505770577157236
FSD1L	4	-2.4223047810003414e-16	-0.06992830542111735	0.2704366259992015	0.48703710787981175	0.7372749603776121	1.5321525833086853	1.2382679583628802
THBS3	4	1.2111523905001707e-15	-0.6125178534876654	0.1373195938480023	0.2713942614770414	0.4022751850435714	0.9933928164109537	0.28283125604388526
SCARA5	4	-8.074349270001138e-16	-1.1003114321600014	-0.2749047433334105	-0.33163823826653577	-0.17623258261890234	0.9684935004088157	0.41084306860970476
PKIA	4	1.453382868600205e-15	-0.8907700978745708	-0.9628016701901143	-0.419160822828724	-0.08863891747482472	0.8212406116537521	0.40721178756295956
PTP4A3	4	0.0	-0.20866407200565576	-0.9910868091140115	-0.5722939625183687	-0.35056314408759603	0.7040908372734684	0.4127331697690806
LRRN4CL	4	2.4223047810003414e-16	-0.656894499249363	0.300558598269903	0.22809102311115675	0.1338403852332166	1.313107394528449	1.0757501543648151
SMYD1	4	1.2111523905001707e-15	-0.7659801027342118	-0.647004019631416	0.1876060181317426	0.17280522502425047	1.0427751659798168	0.4791988884120808
CAV3	4	-9.689219124001365e-16	-0.16121637778875111	-0.7864180533627634	0.4186237289047858	0.39537326190284944	0.6767282070957561	-0.14374331180189823
PDE4DIP	4	1.6148698540002277e-16	-0.458068634183348	-0.9414811704308185	-0.7043869480865049	-0.42031297813690843	0.9968309985376058	0.4108237934339414
PERM1	4	3.2297397080004555e-16	-0.9735184927562802	-1.374372363727577	-0.9741960186564257	-0.5922489365137866	0.40519827676673226	0.21086054812907404
ACYP2	4	6.459479416000911e-16	-0.7694218078379763	-1.3996044683700692	-1.1286137018652853	-0.9641543044349973	0.013752641937085919	-0.35735276053317816
FHL1	4	-8.074349270001138e-16	-0.4640154306323681	-0.9495487555895883	-0.1683003155455716	-0.1685416076390368	0.2911519230025862	-0.18212629878677025
ANK1	4	-1.453382868600205e-15	-1.6201605145460862	-1.169766546286173	-0.28930434361193796	-0.09348057614126291	0.8362690766209511	0.19625130521586212
HOXD9	4	9.689219124001365e-16	-0.4897770780684893	-0.33833221798644625	-0.42901973953900446	-0.13588979885765828	0.4936246653795604	0.330058085319794
DMD	4	3.0682527226004327e-15	0.27498218719368817	0.10239638775735749	1.0816677363647127	0.8373607634958251	1.5731792774958049	1.4634880822204261
TRIM72	4	-1.453382868600205e-15	0.09284211908408964	-0.5186311359205725	0.27756981010786885	0.2265503323437731	0.683351824922965	0.08084891094829416
CUEDC1	4	7.266914343001025e-16	-0.10609261531620022	-0.6681767387432828	-0.09701773920027632	0.11998031810072828	0.8772047715610073	0.6845409035348857
MLIP	4	-1.1304088978001594e-15	-0.3249310573067301	-0.8546669392187919	-0.4363487892275538	-0.2777088952240778	0.6130496832446108	0.14604143150910803
KLHL41	4	3.2297397080004555e-16	0.2849639727487732	-0.3776908684016796	0.21543799531724128	-0.10258809043904177	0.8045400906586083	0.12769092001206384
VLDLR	4	8.881784197001252e-16	0.8280085649627695	0.6168036623080319	0.6211962280894473	0.7419229999901784	1.842564824768394	1.4115043368304745
DTNA	4	-3.2297397080004555e-16	0.38745019960864413	-0.09586939604337068	0.748597604601897	0.6284087015887615	1.3644813656258268	0.6477946864947216
PROB1	4	-1.6956133467002392e-15	-0.2336265723276416	-0.952811248748513	-0.6728916933725262	-0.15101828046385848	0.6131457978378083	0.11362559563288413
ATP6V0E2	4	-5.652044489000797e-16	-0.8980151667083779	-1.2218453536306895	-0.9446142906929057	-0.4709802175452839	0.14380127676321894	0.34456565122542143
IGFBP6	4	-1.1304088978001594e-15	-1.2063000742356527	-1.1726611440264108	-1.0190344326582639	-0.7074326213810229	0.33404386618234605	-0.028774687215890795
TPPP	4	-6.459479416000911e-16	-0.7358612315328092	-0.6912471244025348	-1.231049158160076	-0.7522908563122551	0.12581082125531803	-0.28883223712696204
9530091C08RIK	4	-1.2918958832001822e-15	-0.9909135463005819	-0.7623450563951414	-0.020007626977224066	-0.16046910063571185	0.6722086253061702	0.40557591627662376
TMEM100	4	3.2297397080004555e-16	-0.7765066700521647	0.15427872125473133	-0.46028506098310723	-0.5367793071761383	1.0590488267621498	0.3778116719963147
FASTK	4	4.844609562000683e-16	-0.2574130195646389	-0.6178114246437659	-0.22149527127904586	-0.0433350543266424	0.07703971070330624	0.03849745922262619
NRAP	4	-6.459479416000911e-16	1.1606336691512331	0.2643490036353852	0.4620294319639189	0.11432113225139337	1.5715322114975443	0.7499460187052475
SH2D7	4	1.2111523905001707e-15	-0.5787781237599143	-0.9501013927056509	-0.6065427641357606	-0.25592749331146264	0.2563385645315531	0.06573252727721285
MACROD1	4	8.074349270001139e-17	-0.44801921316703514	-1.104660969121472	-0.5437230465042575	-0.3343260063700191	0.6819691600535738	0.19668484633142544
HSPB2	4	1.453382868600205e-15	-0.813447760385296	-0.9890618212117976	-0.6428753708553576	-0.7333585651959512	-0.0893729457704489	-0.40597894354614056
FGF13	4	8.881784197001252e-16	-0.1961700218024518	-0.23842481925940837	-0.24222492636810794	-0.3723026585669365	0.33773395256946825	-0.1261821145429371
NDRG2	4	4.844609562000683e-16	-0.6122000643513227	-1.4593805669098245	-0.9582573351777932	-0.4751917933682089	0.44198028640057707	0.18848306896310696
PHTF2	4	-1.2918958832001822e-15	-1.5701230609812125	-1.3144724562229724	-0.7079181978042026	-0.041518615156531394	0.11663959990314332	0.33826660811562737
OSBPL6	4	-1.6148698540002277e-16	-0.4073140619530205	-0.3120120938135486	-0.0734864865535963	0.047482188667455134	0.9148336853277866	0.5328544598537224
SLC25A4	4	-2.90676573720041e-15	-0.9044905944715985	-0.9578203572003313	-0.29807045026241624	-0.08177477158039682	0.700110639799832	0.4311639673843017
NEU2	4	-6.459479416000911e-16	-1.4933753729421075	-1.692157648480535	-1.5230979223502117	-0.1377231885060738	0.11495897825926651	-0.0020471240415276463
GPC6	4	4.037174635000569e-16	-0.01957160302481986	0.9954003054724696	1.226888219991263	1.5069364935271685	1.7583570927096723	1.6208165314974758
PRKCQ	4	-8.074349270001139e-17	-0.2441761539180726	-0.14870189221396135	-0.03138326082574752	0.7905904161541268	0.9211372339498698	1.2645055570598922
FZD4	4	-2.4223047810003414e-16	0.9469220403905315	1.1901623290950345	0.927098062591397	0.684289486064756	1.501407985197652	1.5979347431562927
IGFBP5	4	1.6148698540002277e-16	-0.6972253682317694	-0.1340360272690336	0.2997519751341706	0.6795099189273816	1.353390488175512	0.8722707241944133
TPPP3	4	-1.453382868600205e-15	-1.4671352793227086	-1.0404181420001886	-1.7230553627050247	-1.0307039373054687	-0.22400760488307103	-0.6484303791507696
MGL2	4	1.453382868600205e-15	-0.48967078275053105	-0.8857688336519511	-1.207623957218763	-0.9236939126358248	0.5076009062137434	0.34422476994925544
RBM38	4	4.844609562000683e-16	0.5315946851549495	0.06985421310005709	0.08034657741048458	-0.18917393791942902	1.1085519870206055	0.2299296427456069
AI464131	4	-3.2297397080004555e-16	-0.582476482303531	-0.532865098061139	-0.22470745719405452	0.22015259737709647	0.6046943999021922	0.40724493446446436
CLEC3B	4	1.2918958832001822e-15	-1.2787294537622964	-0.4362209018304326	-0.3317109161330638	-0.045768963485794956	1.0714407654019644	0.5002788800101229
GYS1	4	-3.2297397080004555e-16	-0.20590146559119837	0.0993915232658374	-0.17181346191901226	-0.11488660275648241	0.7669221122898129	0.5873228753098327
P4HA3	5	-2.8260222445003984e-16	2.00112035257782	3.649513476002435	4.1447947490604955	4.127191593759355	3.297130340147774	2.1457259147159404
PPIC	5	-4.844609562000683e-16	-1.3517146261356237	0.13296502951801528	0.7026991268935199	0.6102081436541297	0.10345156788890879	-0.21896072313343187
NCAM1	5	-9.689219124001365e-16	-1.3380885714473205	0.9423068942684744	2.0483910500120786	1.6452148148357175	0.527765368797762	0.3956222654792473
MEG3	5	-1.6148698540002277e-16	-0.8378945518463019	1.3533463961176644	2.153285917243022	2.0115800797172425	2.0674336974621768	1.1504494306451598
LRRC17	5	1.6148698540002277e-16	-1.3540367049678181	0.8380761106778976	1.2908255397386694	1.1253832484954573	0.8388215740867683	0.07696594903989942
CLEC14A	5	-1.2918958832001822e-15	-0.663066553552459	1.0111031450998813	1.4351329990789035	1.156341932844814	0.9467182585453455	0.6289610124770536
WISP1	5	1.2111523905001707e-15	-0.5325611782616668	2.1488291521131253	3.0188825251886353	2.7377158503409578	1.164161810803543	1.0003963506333278
COL12A1	5	6.459479416000911e-16	0.9802106042179322	2.0731261756455432	2.8779194192480335	3.060194521493334	1.7176070576858695	1.60914171921561
C1QTNF6	5	8.074349270001139e-17	0.5769674907759468	1.6646378592907174	2.0332598745883748	1.9352029672760727	1.1398788065302345	0.4366505276424414
P3H3	5	-1.3726393759001935e-15	-0.4778704475248257	0.6468968060141477	0.8570631141027625	0.7233074123078528	0.34826367577103695	-0.230353550149725
ADAM12	5	-6.459479416000911e-16	-0.04310817326595721	1.866103368102815	2.446868450279383	2.3314992934372034	0.7727288865192523	0.39474530124993207
MAGED2	5	-3.2297397080004555e-16	-0.377501113661535	0.9618944139966529	1.5917065333103337	1.2961108936929102	0.4809720375892065	-0.05589379914444188
MMP23	5	-1.6148698540002276e-15	-0.7771069979061941	0.6502353935744992	1.2330175550307325	0.913745359764313	0.6812720313752731	0.14418676706137437
FIBIN	5	1.6148698540002277e-16	0.6200883530256839	1.4200997002381914	1.996855983074469	1.4587290267717747	1.20620106034929	0.5384547406314639
COL1A1	5	4.844609562000683e-16	-0.567981681889612	1.4452061340734244	2.3953838686073854	2.23754666218371	1.7504749625677387	0.7410976703887702
MFAP2	5	-1.1304088978001594e-15	-1.0990357835068048	0.47920999015839455	1.3680073157590933	1.1815574971811165	0.39130300521273254	-0.021475818707936366
COL27A1	5	4.844609562000683e-16	-0.39663065874386305	0.8130297716276362	1.1696118556839508	0.8441402747137702	0.08767030753404263	-0.39662312873705824
COL8A1	6	1.049665405100148e-15	2.1676131633211804	3.3057052206773414	3.520732042445792	3.625195528088652	3.626353533315188	2.607193120414718
OMD	6	-8.881784197001252e-16	-1.1480404735970844	-0.5302647576089607	0.4354220043444703	1.1277409298260972	1.1481960312412038	1.3428754888746346
MFAP4	6	1.6148698540002277e-16	-2.5353015198434368	-0.7780587179383952	1.196581408335142	1.5016127581452097	1.6704690759699392	0.8256788141302498
ITGB1BP2	6	-1.2918958832001822e-15	-2.0593309247107423	-1.4660256193538077	1.1823341270954009	0.6359593778462134	0.8285835028024602	0.08396324366916294
CPXM2	6	-4.844609562000683e-16	-0.6226584665659273	-1.043504206429392	-0.3099403340208772	0.8845827304904632	0.6942296241764595	0.9750801118922873
ITGBL1	6	-1.453382868600205e-15	-2.2419987428178096	-0.7350463809778455	0.27570187567966786	0.6776695862732903	1.0946023024825653	0.8069037646043536
AFF3	6	6.459479416000911e-16	-1.6053901388443712	-0.8352119306063258	-0.43095132549978116	0.24531961541120187	0.2827459480455972	0.4103927868949983
MYOM3	6	-1.6148698540002277e-16	-0.566191792869268	-0.20272709509066988	1.335605988445824	0.8933495763452275	1.111112019008415	0.4006227578530641
PGM5	6	0.0	-0.19494846068194457	0.7787458793297585	1.401452784840409	1.1806582631071156	1.4912142001120567	0.9264779206585964
PDGFRL	6	-4.844609562000683e-16	-2.003921481439177	0.024810719481851873	0.9431642641944585	1.0785409706922309	1.243192298140681	0.2387970728014155
NREP	6	-3.2297397080004555e-16	-2.569680952348231	-1.0800833503281988	0.3971831699690114	0.5321951729788957	0.31959206155661235	0.17255401513988614
COL14A1	6	3.2297397080004555e-16	-0.7428070316512313	1.1508950118133168	1.5185913706197758	1.3953090115277376	1.9369100324808997	1.5012381347177344
SERPINB3B	7	7.266914343001025e-16	1.555250710855575	0.8117850404566528	0.4333439451705811	-0.10172262658578073	0.5330271312294992	-0.5633331540188883
OAS1F	7	0.0	-0.6317693892238788	-1.4035429227381273	-1.0873049120585068	-2.004053692645713	-1.4863768321283382	-1.879884268411997
LCE6A	7	6.459479416000911e-16	-1.5653518697091429	-2.3350058063340247	-1.294588987921213	-2.1081850217058022	-2.0231517184128975	-2.2899504612763053
LCE1A1	7	6.459479416000911e-16	-1.4262266804130423	-2.301506272591953	-1.4456831527771297	-2.0099884575051346	-1.6365452829571059	-1.7631853754624773
LCE1K	7	-3.2297397080004555e-16	-1.3627118406461778	-1.9960122362300983	-1.1056629069860944	-2.0158711138213303	-1.812746153713255	-1.8866933190170676
LCE1A2	7	-1.7763568394002505e-15	-1.6681335264312025	-2.618661935897327	-1.6609271776130896	-2.2709323997550355	-1.660138430908321	-1.8016785340822048
LCE1I	7	-1.7763568394002505e-15	-1.275620306110378	-2.147053384419197	-1.2771514240508282	-2.215822927731585	-1.5912648234436622	-1.8030567490180422
LCE1E	7	1.2918958832001822e-15	-1.2312680705981232	-1.9072819124748381	-1.0299847580968626	-1.992045019222366	-1.714798713986599	-2.1307661313006165
ALOX12B	7	1.6148698540002277e-16	-0.2588008871390859	-0.7500584912793213	-0.610067051132222	-1.169916000736687	-0.9882978596674065	-1.6026650647751135
LCE1D	7	1.1304088978001594e-15	-1.3692684757462292	-2.282269804380151	-1.3661605369285368	-2.0132966772965757	-1.6307180736144666	-1.9106804664255703
LCE1J	7	-3.2297397080004555e-16	-1.1971423121167144	-2.1598461035977583	-1.290817727470915	-2.532315254798137	-1.9665606821510948	-2.544767866530687
CALM4	7	9.689219124001365e-16	-1.7032788244975023	-1.652750654426545	-1.0349864042147738	-1.6008888173801898	-1.6508356577550785	-2.0566176080912872
TMPRSS4	7	0.0	-0.7367861732273981	-0.9909043893557428	-0.8755403098981133	-1.3343143443750478	-1.2580202435601402	-1.6198623432789112
SERPINB7	7	-1.453382868600205e-15	-0.6357458320384674	-1.448473472013646	-1.1264900810340015	-1.694215310887357	-0.829367388621228	-1.289900703242031
PTGS1	7	9.689219124001365e-16	0.7613261523567655	0.10197491373171925	-0.12065717932851605	-0.7296324876460876	0.023622655382528102	-0.4343516417475307
SKINT9	7	-1.6148698540002277e-16	-0.904839317907305	-1.58847344282216	-0.9960657422834353	-1.5510430679154736	-1.0218805280278331	-1.1985895438810379
ORM1	7	1.6148698540002277e-16	-1.0493980354322938	-1.5153096150051155	-1.3323210131780645	-1.6809279371898518	-1.5108496203243178	-1.5776656130792437
H60C	7	-6.459479416000911e-16	-0.9607229883044752	-1.5662137958565705	-0.9876066840116685	-1.3960616005468303	-1.2047275194955804	-1.5986640287378038
LOR	7	-1.1304088978001594e-15	-0.42481261220705574	-1.5361431085011787	-0.5467059228312663	-0.9842105183234867	-0.7252796906076385	-1.0840149531158927
IL18	7	1.6148698540002276e-15	-0.8046993870126301	-0.7364180802148089	-0.8020105323386165	-1.1523926791348384	-1.124887846988495	-1.2833891068106569
KLK11	7	0.0	-0.3158063944544171	-0.49031636163674114	-0.3402117604297903	-0.8170790885292575	-0.9075096948490812	-1.04563791062525
KRTDAP	7	4.844609562000683e-16	-1.3212153652789669	-1.5261103756451464	-1.299621588217482	-1.847863820949832	-1.3093338347854335	-1.7017423134580385
SDCBP2	7	1.1304088978001594e-15	-0.825398101780953	-1.1149724430751384	-0.9021115010620037	-1.5258395163467349	-1.33487647227544	-1.6330434386853587
HAL	7	-1.7763568394002505e-15	-0.8382886556839896	-1.5032164564671315	-1.100231687942465	-1.4682226134616245	-1.3425577995974691	-1.6143451718066524
CHIT1	7	-9.689219124001365e-16	-0.8318613224947393	-1.333864290513852	-1.3290254336020502	-1.7053130133726235	-1.2382869058225379	-1.7429809226744164
CRYAB	8	8.074349270001138e-16	2.033981299899516	0.8398858660670695	-0.020210816998938504	0.23733280658258674	0.7383355393015751	0.5576209480508564
GM15987	8	-2.4223047810003414e-16	0.3980883791775862	-0.34110418291068445	-0.9443744456965358	-1.331210769984853	-0.7097384670232497	-1.1955421892576295
HSPA1A	8	-1.2918958832001822e-15	3.0053083500404436	0.04657503202919733	-0.30198491340486233	0.16175531888793399	-0.25378405270283577	0.8566155033742806
IL20RA	8	-1.6148698540002277e-16	0.4511454082238062	-0.6562304515430509	-1.380228205964366	-1.623942845878382	-0.7790692447027117	-1.2492399206835962
KLHL40	8	8.074349270001138e-16	2.007826711564798	0.1128408031272939	0.3135296201941253	0.11902392599445623	0.6893692597440523	0.1530913340271695
SLC27A3	8	1.5341263613002163e-15	0.9755454611437102	-0.19003130051566094	-0.6404640191177938	-0.3010107527755125	-0.35484937835516084	-0.356137458595998
CLCA3A2	8	3.552713678800501e-15	-0.4763734951789094	-0.8714625143364537	-1.1188444120024685	-1.4597600871015681	-0.9346952089850425	-1.1061897639944072
TSPAN8	8	0.0	0.6898829667468028	-0.36621312515083115	-0.8676353652836024	-1.0334893798896636	-0.2748357887356375	-0.4312655052431318
IL17RC	8	-7.266914343001025e-16	0.9152003164298663	0.32554816453186103	-0.024772664306371584	0.028995809919177808	-0.03914945401246648	0.05311833234107284
CADM3	8	-4.844609562000683e-16	1.3637730457642832	0.5730296870992001	-0.2869868865238482	-0.05092380470767614	0.9102523476927896	0.6275207499359147
E2F7	9	9.689219124001365e-16	0.3032495002261732	1.044091212640013	1.268545700397468	0.9244810018531734	-1.2691804143320202	0.5829848183583178
TRIP13	9	9.689219124001365e-16	-0.4495345739960042	0.5813332168075614	0.5259186330930602	0.4731644970951994	-1.538516654213477	0.3181882112371911
SHCBP1	9	-7.266914343001025e-16	-1.2294367884810997	0.056440894557058106	0.47825059486961813	0.16838786971120534	-2.077727333576912	0.025076235743203865
CKAP2	9	2.5837917664003644e-15	-0.7283590108594177	-0.06802818342806412	0.14024617201099138	0.1913366314646324	-1.72856405507153	0.07038345042163612
CDCA2	9	9.689219124001365e-16	-0.9528876719777252	0.2064107330415245	0.863869697528958	0.44252836304575366	-1.525623199717201	0.601176402935896
MELK	9	-3.2297397080004555e-16	-1.1070734684997188	0.0008894387386755298	0.3569517747760567	0.19940877647790553	-1.9809360202626156	0.2415434704394176
SPC24	9	5.652044489000797e-16	-1.4860421704258358	-0.5783642059801744	-0.07185990605673079	-0.10406812919679677	-2.197337620517658	-0.15225217779152314
PBK	9	-1.6956133467002392e-15	-1.3115330973893504	-0.21657035609893036	0.4037965802994379	0.27091177281751655	-2.0659155861459544	0.031669723063001746
DTL	9	5.652044489000797e-16	-0.9643191533142041	-0.12135979498954945	0.3428573989611833	0.1703001004878513	-1.7146316609448657	-0.2047944026219363
CDC20	9	-1.6148698540002277e-16	-0.710648726249401	0.2804582279383229	0.7301508182005705	0.7578948632537899	-1.2630781222629588	0.36216990701673474
